epoch,time,train/box_loss,train/cls_loss,train/dfl_loss,metrics/precision(B),metrics/recall(B),metrics/mAP50(B),metrics/mAP50-95(B),val/box_loss,val/cls_loss,val/dfl_loss,lr/pg0,lr/pg1,lr/pg2
1,26.8986,2.16636,5.47102,1.88584,0.67172,0.26082,0.23987,0.11725,1.86309,4.1764,1.67568,0.00010003,0.00010003,0.00010003
2,35.4599,1.67183,2.76976,1.52805,0.36791,0.45259,0.40009,0.2167,1.5138,7.10654,1.30782,0.000213643,0.000213643,0.000213643
3,43.8458,1.46576,1.65099,1.31786,0.50824,0.6302,0.417,0.23579,1.38336,inf,1.32687,0.000326501,0.000326501,0.000326501
4,52.6405,1.43577,1.27693,1.27672,0.49617,0.48734,0.44677,0.22141,1.57245,9.06483,1.51986,0.000438604,0.000438604,0.000438604
5,60.0896,1.38776,1.11508,1.27043,0.44874,0.53361,0.47069,0.23396,1.61787,2.85079,1.5227,0.000549954,0.000549954,0.000549954
6,68.4272,1.458,1.0696,1.31326,0.01483,0.09976,0.00745,0.00327,2.49929,inf,2.811,0.000660548,0.000660548,0.000660548
7,76.6469,1.49863,1.09918,1.33843,0.3247,0.27826,0.18164,0.08245,2.76314,6.04037,2.83026,0.000770388,0.000770388,0.000770388
8,84.2783,1.4778,1.10568,1.30689,0.46095,0.09473,0.05564,0.02576,2.39493,inf,2.31762,0.000879474,0.000879474,0.000879474
9,92.8228,1.47725,1.06807,1.34131,0.48635,0.30684,0.06386,0.02242,2.68867,inf,3.38072,0.000987805,0.000987805,0.000987805
10,100.193,1.43859,1.03082,1.30573,0.36112,0.36679,0.3132,0.13847,2.11584,7.25829,1.98161,0.00109538,0.00109538,0.00109538
11,107.726,1.50249,1.07517,1.36967,0.24413,0.2868,0.13005,0.05715,2.0838,inf,3.12868,0.0012022,0.0012022,0.0012022
12,115.324,1.4862,1.03669,1.32072,0.24188,0.28238,0.12719,0.0573,2.27335,inf,2.52544,0.00130827,0.00130827,0.00130827
13,122.927,1.5025,1.0586,1.36135,0.04325,0.06518,0.00106,0.00037,3.87291,inf,10.543,0.00137241,0.00137241,0.00137241
14,130.274,1.50708,0.99371,1.35701,0.33942,0.17986,0.05294,0.02306,2.87466,44.5367,3.38926,0.0013677,0.0013677,0.0013677
15,138.403,1.49374,0.98741,1.38058,0.00228,0.04393,0.00091,0.00032,3.50606,inf,4.03381,0.00136298,0.00136298,0.00136298
16,145.965,1.44313,1.00114,1.33399,0.46211,0.44344,0.26156,0.12229,1.87102,13.1845,1.9928,0.00135826,0.00135826,0.00135826
17,153.231,1.45884,0.96766,1.31917,0.4227,0.06282,0.02956,0.0111,2.79235,6.01747,2.48296,0.00135355,0.00135355,0.00135355
18,160.527,1.48329,1.00543,1.34893,0.18127,0.17593,0.06612,0.02757,2.62462,4.92187,2.47993,0.00134883,0.00134883,0.00134883
19,167.658,1.46488,0.9843,1.3119,0.23395,0.19043,0.12213,0.05426,1.98179,3.78354,1.74686,0.00134412,0.00134412,0.00134412
20,174.85,1.42913,0.94924,1.29763,0.46232,0.35239,0.22713,0.08843,2.34609,9.6575,2.17854,0.0013394,0.0013394,0.0013394
21,182.096,1.38806,0.92484,1.29887,0.41324,0.3282,0.30169,0.13201,1.81056,2.97638,1.66825,0.00133469,0.00133469,0.00133469
22,189.692,1.4176,0.90876,1.29319,0.53044,0.54099,0.53623,0.27382,1.48564,3.96867,1.38929,0.00132997,0.00132997,0.00132997
23,197.17,1.42215,0.9622,1.3327,0.74062,0.76074,0.81134,0.41715,1.45352,1.57648,1.34585,0.00132525,0.00132525,0.00132525
24,204.605,1.39831,0.90663,1.2881,0.67912,0.65129,0.72489,0.38037,1.48344,1.48692,1.352,0.00132054,0.00132054,0.00132054
25,211.872,1.39836,0.89147,1.28246,0.72458,0.55692,0.56956,0.29842,1.61908,1.20072,1.515,0.00131582,0.00131582,0.00131582
26,219.034,1.39021,0.89894,1.27623,0.51109,0.74734,0.64146,0.32957,1.45651,2.19003,1.3625,0.00131111,0.00131111,0.00131111
27,226.279,1.3725,0.89159,1.27905,0.77226,0.59268,0.71931,0.37645,1.42919,2.22725,1.30827,0.00130639,0.00130639,0.00130639
28,233.543,1.36678,0.86279,1.2679,0.66612,0.61498,0.7253,0.39546,1.37989,2.09493,1.27101,0.00130168,0.00130168,0.00130168
29,240.755,1.36544,0.85628,1.29052,0.67234,0.83815,0.79257,0.41482,1.41781,1.41809,1.32014,0.00129696,0.00129696,0.00129696
30,248.013,1.36125,0.83712,1.28514,0.8159,0.84612,0.89065,0.46628,1.38115,1.20269,1.24952,0.00129224,0.00129224,0.00129224
31,255.392,1.38159,0.87271,1.29365,0.83297,0.85718,0.89982,0.47707,1.39453,0.86657,1.25995,0.00128753,0.00128753,0.00128753
32,262.808,1.38559,0.84981,1.28451,0.79321,0.81023,0.87413,0.46111,1.42025,1.05395,1.26833,0.00128281,0.00128281,0.00128281
33,269.963,1.35037,0.8803,1.27197,0.81114,0.78999,0.88455,0.46372,1.36001,0.8656,1.22979,0.0012781,0.0012781,0.0012781
34,277.155,1.33829,0.83232,1.25424,0.81633,0.90085,0.91283,0.51894,1.27673,0.85621,1.1993,0.00127338,0.00127338,0.00127338
35,284.582,1.33503,0.82163,1.25699,0.87748,0.83999,0.91462,0.50499,1.32164,0.80583,1.21006,0.00126867,0.00126867,0.00126867
36,291.756,1.31692,0.81928,1.24098,0.78719,0.83079,0.86983,0.46067,1.45415,0.83782,1.334,0.00126395,0.00126395,0.00126395
37,298.935,1.34989,0.81682,1.27539,0.82121,0.85081,0.88759,0.47199,1.33474,0.80068,1.22261,0.00125923,0.00125923,0.00125923
38,306.081,1.30932,0.79449,1.26219,0.80596,0.87429,0.88773,0.46757,1.31532,0.75662,1.20054,0.00125452,0.00125452,0.00125452
39,313.257,1.31085,0.78028,1.2221,0.80439,0.73135,0.82134,0.40883,1.46247,0.92667,1.31312,0.0012498,0.0012498,0.0012498
40,320.46,1.32813,0.81038,1.26876,0.83959,0.9112,0.926,0.50998,1.26649,0.72934,1.19945,0.00124509,0.00124509,0.00124509
41,327.625,1.29243,0.79845,1.23584,0.86151,0.87793,0.9294,0.53779,1.29406,0.69927,1.21005,0.00124037,0.00124037,0.00124037
42,335.016,1.31149,0.76844,1.24341,0.85758,0.85744,0.93239,0.52577,1.25303,0.67708,1.17885,0.00123566,0.00123566,0.00123566
43,342.261,1.31264,0.74873,1.26132,0.80798,0.87532,0.88179,0.48149,1.37797,0.74273,1.29654,0.00123094,0.00123094,0.00123094
44,349.432,1.29567,0.75501,1.21144,0.81973,0.90488,0.96243,0.55521,1.23305,0.65538,1.16783,0.00122622,0.00122622,0.00122622
45,356.852,1.27909,0.74607,1.21285,0.71747,0.81147,0.85263,0.48943,1.27438,0.67144,1.18893,0.00122151,0.00122151,0.00122151
46,364.007,1.26826,0.7515,1.23973,0.8146,0.96973,0.9287,0.53529,1.225,0.70834,1.16705,0.00121679,0.00121679,0.00121679
47,371.178,1.27898,0.75675,1.21521,0.90229,0.92751,0.95127,0.58006,1.23737,0.63265,1.17088,0.00121208,0.00121208,0.00121208
48,378.622,1.29219,0.74985,1.25197,0.84245,0.90961,0.93659,0.58066,1.24067,0.72243,1.16676,0.00120736,0.00120736,0.00120736
49,385.787,1.26734,0.72442,1.22603,0.81464,0.96627,0.92648,0.56356,1.2088,0.63861,1.15011,0.00120265,0.00120265,0.00120265
50,392.989,1.26146,0.75005,1.21906,0.90018,0.92907,0.95004,0.59187,1.19929,0.6268,1.14719,0.00119793,0.00119793,0.00119793
51,400.531,1.2567,0.72446,1.22824,0.92442,0.9076,0.94795,0.57544,1.19883,0.62587,1.14344,0.00119322,0.00119322,0.00119322
52,407.691,1.26412,0.73572,1.22258,0.89719,0.88985,0.94954,0.58964,1.20742,0.66974,1.13165,0.0011885,0.0011885,0.0011885
53,414.841,1.26796,0.7158,1.22538,0.86505,0.95968,0.96693,0.60961,1.16777,0.60816,1.12757,0.00118378,0.00118378,0.00118378
54,422.227,1.28155,0.73953,1.23226,0.87867,0.89372,0.96231,0.60222,1.22068,0.61623,1.14811,0.00117907,0.00117907,0.00117907
55,429.434,1.24442,0.73173,1.2349,0.87561,0.95222,0.94247,0.59065,1.17682,0.62676,1.14101,0.00117435,0.00117435,0.00117435
56,436.628,1.2735,0.71807,1.20983,0.87909,0.94567,0.95858,0.59215,1.17204,0.61859,1.12775,0.00116964,0.00116964,0.00116964
57,443.814,1.20806,0.72252,1.19817,0.86821,0.93998,0.95904,0.57475,1.17094,0.66408,1.12859,0.00116492,0.00116492,0.00116492
58,450.955,1.24324,0.69242,1.22079,0.85258,0.95857,0.93954,0.58714,1.17637,0.68576,1.13762,0.00116021,0.00116021,0.00116021
59,458.077,1.20602,0.69945,1.21633,0.89957,0.9596,0.95768,0.59768,1.18128,0.64951,1.12421,0.00115549,0.00115549,0.00115549
60,465.264,1.218,0.6872,1.21137,0.91092,0.9029,0.94028,0.56486,1.2025,0.62587,1.14823,0.00115077,0.00115077,0.00115077
61,472.409,1.24163,0.73559,1.23257,0.89237,0.92303,0.94343,0.56692,1.23286,0.6332,1.15901,0.00114606,0.00114606,0.00114606
62,479.55,1.19767,0.7102,1.17882,0.94584,0.94837,0.9729,0.60373,1.16233,0.58369,1.1183,0.00114134,0.00114134,0.00114134
63,486.696,1.21645,0.69973,1.17399,0.93321,0.95849,0.97287,0.60853,1.15247,0.583,1.11207,0.00113663,0.00113663,0.00113663
64,493.879,1.21299,0.69316,1.20876,0.76083,0.89818,0.82621,0.51437,1.16593,0.90048,1.12193,0.00113191,0.00113191,0.00113191
65,501.028,1.1755,0.70605,1.1925,0.92553,0.94106,0.96691,0.62048,1.12869,0.56961,1.11682,0.0011272,0.0011272,0.0011272
66,508.384,1.21802,0.67338,1.2087,0.93959,0.96292,0.97773,0.61642,1.13068,0.56462,1.11124,0.00112248,0.00112248,0.00112248
67,515.541,1.18585,0.68888,1.19809,0.94421,0.93737,0.97977,0.61852,1.12378,0.54864,1.11057,0.00111776,0.00111776,0.00111776
68,522.719,1.18057,0.66421,1.18704,0.92633,0.96069,0.97858,0.63678,1.10403,0.55411,1.10687,0.00111305,0.00111305,0.00111305
69,530.388,1.16711,0.6871,1.17521,0.90268,0.94976,0.95393,0.63681,1.09607,0.56792,1.09834,0.00110833,0.00110833,0.00110833
70,537.561,1.23499,0.70986,1.2179,0.94456,0.952,0.97645,0.6276,1.10708,0.56046,1.10614,0.00110362,0.00110362,0.00110362
71,544.7,1.21886,0.69544,1.18979,0.9295,0.91447,0.96519,0.62476,1.15918,0.58306,1.14303,0.0010989,0.0010989,0.0010989
72,551.859,1.19198,0.69398,1.1963,0.89909,0.94024,0.96621,0.62181,1.11523,0.5719,1.1097,0.00109419,0.00109419,0.00109419
73,558.987,1.17453,0.65017,1.1804,0.93369,0.94078,0.96938,0.62262,1.12693,0.55735,1.11077,0.00108947,0.00108947,0.00108947
74,566.148,1.17561,0.6545,1.18165,0.92637,0.93404,0.96403,0.64906,1.06373,0.53496,1.07811,0.00108475,0.00108475,0.00108475
75,573.539,1.14416,0.64921,1.16158,0.92395,0.94115,0.97009,0.63009,1.15741,0.55031,1.11944,0.00108004,0.00108004,0.00108004
76,580.688,1.15567,0.65928,1.16805,0.9353,0.92849,0.96227,0.65108,1.06474,0.54204,1.08314,0.00107532,0.00107532,0.00107532
77,588.122,1.12177,0.62984,1.15458,0.94566,0.96473,0.98076,0.62829,1.08845,0.54811,1.07797,0.00107061,0.00107061,0.00107061
78,595.32,1.11892,0.62296,1.14939,0.89557,0.94252,0.96422,0.64434,1.07499,0.52307,1.08344,0.00106589,0.00106589,0.00106589
79,602.509,1.16805,0.65578,1.17159,0.95933,0.91992,0.97093,0.62812,1.05684,0.54543,1.07327,0.00106118,0.00106118,0.00106118
80,609.68,1.11206,0.62583,1.14708,0.92654,0.91569,0.97158,0.64887,1.05779,0.53118,1.08182,0.00105646,0.00105646,0.00105646
81,616.868,1.11274,0.62396,1.14995,0.90864,0.97469,0.97369,0.66008,1.03284,0.50661,1.06854,0.00105174,0.00105174,0.00105174
82,624.237,1.13023,0.61645,1.16841,0.93855,0.93995,0.97653,0.68476,0.99999,0.50045,1.04966,0.00104703,0.00104703,0.00104703
83,631.833,1.12636,0.63629,1.15595,0.92358,0.98483,0.97596,0.66905,1.00452,0.50985,1.04924,0.00104231,0.00104231,0.00104231
84,638.971,1.13372,0.64023,1.14057,0.91105,0.9461,0.96578,0.67499,0.99294,0.50398,1.04421,0.0010376,0.0010376,0.0010376
85,646.158,1.08176,0.6112,1.14601,0.92076,0.9621,0.97842,0.66615,1.00314,0.49987,1.05329,0.00103288,0.00103288,0.00103288
86,653.351,1.11975,0.61166,1.15686,0.93268,0.95313,0.9758,0.66046,1.01543,0.53286,1.05115,0.00102817,0.00102817,0.00102817
87,660.469,1.12414,0.60531,1.15679,0.94698,0.95247,0.98164,0.64875,1.02236,0.51631,1.0574,0.00102345,0.00102345,0.00102345
88,667.658,1.09222,0.61436,1.14061,0.95469,0.9577,0.98306,0.66998,1.00168,0.50221,1.05307,0.00101873,0.00101873,0.00101873
89,674.805,1.08957,0.6017,1.1377,0.93358,0.93405,0.96415,0.64375,1.03107,0.52293,1.06943,0.00101402,0.00101402,0.00101402
90,681.95,1.11733,0.63204,1.14293,0.92762,0.94549,0.97034,0.67828,1.01694,0.51178,1.05526,0.0010093,0.0010093,0.0010093
91,689.123,1.10629,0.61242,1.14559,0.92984,0.93578,0.97835,0.66611,1.00615,0.50311,1.05337,0.00100459,0.00100459,0.00100459
92,696.313,1.06572,0.60418,1.13401,0.9598,0.97567,0.98675,0.65651,1.01552,0.50283,1.05201,0.000999871,0.000999871,0.000999871
93,703.456,1.07764,0.60027,1.13238,0.95307,0.97295,0.98468,0.68152,0.98215,0.48779,1.04172,0.000995156,0.000995156,0.000995156
94,710.603,1.07144,0.59786,1.13187,0.9438,0.96337,0.98156,0.67531,1.04348,0.49379,1.06322,0.00099044,0.00099044,0.00099044
95,717.79,1.11042,0.61125,1.14534,0.96066,0.952,0.98822,0.69183,0.99807,0.47681,1.03746,0.000985724,0.000985724,0.000985724
96,725.183,1.05811,0.57764,1.11637,0.93823,0.93557,0.98353,0.6851,0.98649,0.47833,1.03231,0.000981008,0.000981008,0.000981008
97,732.363,1.07862,0.60406,1.12522,0.94775,0.93908,0.97037,0.67476,0.96907,0.49733,1.02892,0.000976293,0.000976293,0.000976293
98,739.542,1.04791,0.57628,1.11816,0.96085,0.92714,0.97237,0.6972,0.93891,0.47452,1.02871,0.000971577,0.000971577,0.000971577
99,746.875,1.10455,0.59282,1.14437,0.93817,0.94654,0.98661,0.68753,0.97502,0.46339,1.03297,0.000966861,0.000966861,0.000966861
100,754.035,1.05068,0.5884,1.13648,0.9638,0.96689,0.98595,0.68423,1.00527,0.48302,1.04406,0.000962146,0.000962146,0.000962146
101,761.163,1.02971,0.57948,1.10549,0.95128,0.9497,0.97921,0.67596,1.06146,0.49025,1.05336,0.00095743,0.00095743,0.00095743
102,768.313,1.06517,0.58357,1.12281,0.95509,0.96351,0.98623,0.68689,1.05513,0.47817,1.04782,0.000952714,0.000952714,0.000952714
103,775.472,1.05037,0.57959,1.12232,0.96819,0.96698,0.98959,0.72219,0.96094,0.46071,1.02174,0.000947999,0.000947999,0.000947999
104,782.894,1.01304,0.56742,1.11332,0.95441,0.96866,0.9877,0.72125,0.95542,0.45776,1.02701,0.000943283,0.000943283,0.000943283
105,790.107,1.04076,0.5586,1.11591,0.9641,0.96931,0.98766,0.69695,0.96011,0.47335,1.02381,0.000938567,0.000938567,0.000938567
106,797.281,1.0385,0.5646,1.11647,0.93811,0.94667,0.97248,0.68333,0.96848,0.46795,1.02864,0.000933851,0.000933851,0.000933851
107,804.499,1.02901,0.58056,1.12833,0.9746,0.96009,0.98766,0.7106,0.93481,0.45504,1.01557,0.000929136,0.000929136,0.000929136
108,811.657,1.02519,0.55101,1.09801,0.95846,0.9668,0.98894,0.72231,0.91002,0.45018,1.00197,0.00092442,0.00092442,0.00092442
109,819.048,1.05365,0.56761,1.1103,0.95235,0.97409,0.99086,0.71564,0.91631,0.45129,1.00929,0.000919704,0.000919704,0.000919704
110,826.233,1.03597,0.55841,1.10874,0.94238,0.97423,0.98435,0.69641,0.93387,0.46881,1.01632,0.000914989,0.000914989,0.000914989
111,833.409,1.03275,0.54862,1.10428,0.92313,0.96322,0.96258,0.67311,0.92211,0.45665,1.01378,0.000910273,0.000910273,0.000910273
112,840.594,0.99247,0.54926,1.09357,0.93983,0.94597,0.96561,0.69115,0.93244,0.46145,1.01478,0.000905557,0.000905557,0.000905557
113,847.803,0.99095,0.54483,1.09282,0.94466,0.94778,0.97145,0.7138,0.88521,0.43911,1.00226,0.000900842,0.000900842,0.000900842
114,855.051,1.00379,0.54825,1.11572,0.95978,0.9658,0.9895,0.73002,0.88349,0.44741,1.00102,0.000896126,0.000896126,0.000896126
115,862.447,0.99532,0.53691,1.1202,0.96699,0.96479,0.99045,0.72373,0.87211,0.43787,0.99423,0.00089141,0.00089141,0.00089141
116,869.634,1.00403,0.54805,1.08569,0.94539,0.95555,0.97502,0.69422,0.89916,0.43066,1.00182,0.000886694,0.000886694,0.000886694
117,876.8,1.0597,0.55434,1.12917,0.97326,0.97742,0.98924,0.73362,0.89547,0.43021,1.00183,0.000881979,0.000881979,0.000881979
118,884.199,1.01024,0.54403,1.10088,0.9622,0.94444,0.97816,0.72521,0.89404,0.42334,0.9976,0.000877263,0.000877263,0.000877263
119,891.395,1.00578,0.53708,1.10133,0.95975,0.96949,0.99001,0.72305,0.88206,0.44309,0.99779,0.000872547,0.000872547,0.000872547
120,898.587,0.95651,0.54024,1.08166,0.97102,0.97328,0.98917,0.72381,0.90485,0.4367,1.00202,0.000867832,0.000867832,0.000867832
121,905.743,0.97744,0.51929,1.06928,0.96811,0.97451,0.98953,0.74396,0.85309,0.41972,0.98226,0.000863116,0.000863116,0.000863116
122,913.153,0.9722,0.52272,1.08875,0.96565,0.96876,0.9884,0.71963,0.91101,0.44736,1.01284,0.0008584,0.0008584,0.0008584
123,920.327,0.94883,0.50784,1.06917,0.95276,0.9452,0.9747,0.72793,0.86951,0.43556,0.98898,0.000853685,0.000853685,0.000853685
124,927.471,0.99617,0.51729,1.09313,0.97491,0.95731,0.98915,0.73045,0.85769,0.44929,0.98726,0.000848969,0.000848969,0.000848969
125,934.616,0.97312,0.5139,1.08426,0.96358,0.97036,0.98845,0.73053,0.85019,0.42852,0.98049,0.000844253,0.000844253,0.000844253
126,941.794,0.95995,0.52713,1.07304,0.97142,0.96674,0.98982,0.7488,0.85149,0.42795,0.98174,0.000839537,0.000839537,0.000839537
127,949.226,0.99005,0.53952,1.07882,0.96972,0.97343,0.99127,0.75232,0.84796,0.42269,0.9819,0.000834822,0.000834822,0.000834822
128,956.6,0.94159,0.5127,1.06617,0.96981,0.97087,0.99068,0.73731,0.85781,0.41676,0.98561,0.000830106,0.000830106,0.000830106
129,963.75,0.97181,0.52988,1.07758,0.95914,0.97907,0.99053,0.76098,0.8472,0.41617,0.97681,0.00082539,0.00082539,0.00082539
130,971.423,0.98857,0.52535,1.0841,0.96795,0.95575,0.99006,0.75666,0.84226,0.41483,0.97545,0.000820675,0.000820675,0.000820675
131,978.583,0.94294,0.50805,1.06862,0.95265,0.97625,0.98988,0.71078,0.8686,0.42096,0.9861,0.000815959,0.000815959,0.000815959
132,985.79,0.96142,0.51258,1.07774,0.96891,0.9646,0.9892,0.70267,0.89807,0.42876,0.99235,0.000811243,0.000811243,0.000811243
133,992.94,0.95624,0.51635,1.07401,0.9728,0.97092,0.98724,0.74285,0.85603,0.42088,0.98385,0.000806528,0.000806528,0.000806528
134,1000.08,0.94133,0.50942,1.05777,0.97459,0.96212,0.98877,0.76312,0.83758,0.41267,0.97454,0.000801812,0.000801812,0.000801812
135,1007.75,0.90578,0.48687,1.05313,0.97495,0.96597,0.9891,0.74777,0.83589,0.41078,0.97034,0.000797096,0.000797096,0.000797096
136,1015.56,0.92757,0.51456,1.0601,0.95814,0.95996,0.98655,0.74718,0.82086,0.40781,0.96788,0.00079238,0.00079238,0.00079238
137,1022.71,0.9366,0.5137,1.06088,0.95477,0.97379,0.98847,0.74362,0.82824,0.41127,0.96796,0.000787665,0.000787665,0.000787665
138,1029.87,0.88632,0.48632,1.0472,0.96753,0.98026,0.98918,0.75229,0.81745,0.39444,0.96403,0.000782949,0.000782949,0.000782949
139,1037.05,0.92692,0.49121,1.06658,0.9676,0.976,0.98868,0.75732,0.81858,0.39655,0.96436,0.000778233,0.000778233,0.000778233
140,1044.23,0.92003,0.49813,1.06201,0.96311,0.97618,0.99012,0.76774,0.81316,0.39493,0.96782,0.000773518,0.000773518,0.000773518
141,1051.61,0.91529,0.50186,1.08846,0.96473,0.98084,0.99047,0.77117,0.81406,0.39543,0.96476,0.000768802,0.000768802,0.000768802
142,1059.01,0.91184,0.51249,1.06657,0.97623,0.97154,0.99134,0.77273,0.79861,0.39243,0.96179,0.000764086,0.000764086,0.000764086
143,1066.35,0.89883,0.48688,1.05589,0.97339,0.97835,0.99203,0.77651,0.79753,0.38604,0.95746,0.000759371,0.000759371,0.000759371
144,1074.01,0.89798,0.48796,1.05629,0.97173,0.9787,0.99113,0.76037,0.79887,0.38839,0.9576,0.000754655,0.000754655,0.000754655
145,1081.2,0.88173,0.47575,1.04064,0.97283,0.97532,0.99108,0.77072,0.78229,0.38725,0.94865,0.000749939,0.000749939,0.000749939
146,1088.34,0.90242,0.48943,1.04682,0.97682,0.97566,0.99178,0.75793,0.79482,0.3856,0.95704,0.000745223,0.000745223,0.000745223
147,1095.56,0.90755,0.48637,1.06232,0.97105,0.97505,0.99282,0.77258,0.76887,0.37593,0.94573,0.000740508,0.000740508,0.000740508
148,1102.72,0.91142,0.49016,1.04821,0.97031,0.97024,0.98984,0.76992,0.7847,0.39308,0.95518,0.000735792,0.000735792,0.000735792
149,1109.81,0.88155,0.47565,1.04931,0.97387,0.96716,0.98923,0.74157,0.81767,0.41095,0.96202,0.000731076,0.000731076,0.000731076
150,1116.97,0.8968,0.47676,1.04652,0.9585,0.9758,0.98968,0.75323,0.80901,0.41465,0.95839,0.000726361,0.000726361,0.000726361
151,1124.13,0.85988,0.48215,1.02518,0.96517,0.96382,0.99055,0.76011,0.76383,0.40127,0.94606,0.000721645,0.000721645,0.000721645
152,1131.3,0.89269,0.47862,1.05298,0.97088,0.97442,0.99044,0.75577,0.77454,0.38108,0.94691,0.000716929,0.000716929,0.000716929
153,1138.48,0.89157,0.49124,1.04906,0.9722,0.97113,0.99151,0.78618,0.74913,0.37821,0.93698,0.000712214,0.000712214,0.000712214
154,1145.8,0.88584,0.48002,1.0451,0.96732,0.97608,0.99185,0.78311,0.74638,0.3781,0.93833,0.000707498,0.000707498,0.000707498
155,1152.91,0.87943,0.48232,1.04307,0.97225,0.97467,0.99199,0.7818,0.75509,0.37066,0.94096,0.000702782,0.000702782,0.000702782
156,1160.08,0.86852,0.46985,1.04674,0.96658,0.97029,0.99194,0.77983,0.74544,0.3711,0.9363,0.000698066,0.000698066,0.000698066
157,1167.33,0.8659,0.47913,1.03847,0.96732,0.97972,0.99207,0.77216,0.74884,0.37281,0.938,0.000693351,0.000693351,0.000693351
158,1174.48,0.8533,0.46955,1.02941,0.97304,0.97768,0.99258,0.78597,0.74412,0.36308,0.93721,0.000688635,0.000688635,0.000688635
159,1181.63,0.89387,0.45907,1.05222,0.9718,0.97849,0.99176,0.77767,0.74332,0.36826,0.93461,0.000683919,0.000683919,0.000683919
160,1188.78,0.84708,0.47287,1.02882,0.97148,0.97952,0.99133,0.78716,0.75293,0.3687,0.93701,0.000679204,0.000679204,0.000679204
161,1196.24,0.83684,0.45388,1.01925,0.97781,0.97516,0.9919,0.78383,0.72779,0.35987,0.92539,0.000674488,0.000674488,0.000674488
162,1203.43,0.84293,0.45389,1.03447,0.96439,0.97312,0.99102,0.79486,0.74441,0.36661,0.93121,0.000669772,0.000669772,0.000669772
163,1210.79,0.81754,0.4448,1.01506,0.97283,0.96599,0.99221,0.79956,0.7126,0.35226,0.92422,0.000665057,0.000665057,0.000665057
164,1218.27,0.84829,0.45485,1.0174,0.9834,0.96536,0.99257,0.80702,0.70854,0.35457,0.92287,0.000660341,0.000660341,0.000660341
165,1225.64,0.82227,0.44933,1.00764,0.97286,0.97044,0.99199,0.80326,0.70951,0.35425,0.92206,0.000655625,0.000655625,0.000655625
166,1232.82,0.85085,0.46411,1.0312,0.96935,0.97118,0.99178,0.79461,0.72383,0.37046,0.92582,0.000650909,0.000650909,0.000650909
167,1240.02,0.8689,0.46869,1.03628,0.97367,0.97008,0.99196,0.80222,0.70895,0.3564,0.92254,0.000646194,0.000646194,0.000646194
168,1247.17,0.8236,0.45085,1.02347,0.97508,0.98117,0.99263,0.80515,0.70406,0.34666,0.92158,0.000641478,0.000641478,0.000641478
169,1254.35,0.84149,0.46301,1.02693,0.97244,0.98164,0.99226,0.79129,0.72817,0.35785,0.92849,0.000636762,0.000636762,0.000636762
170,1261.53,0.82929,0.46482,1.02348,0.98202,0.97285,0.99267,0.80104,0.72305,0.35482,0.92486,0.000632047,0.000632047,0.000632047
171,1268.72,0.8667,0.4668,1.03923,0.98326,0.97718,0.99229,0.81111,0.70033,0.34981,0.92202,0.000627331,0.000627331,0.000627331
172,1276.14,0.86869,0.45618,1.03414,0.97743,0.97403,0.9921,0.80042,0.7022,0.34817,0.91802,0.000622615,0.000622615,0.000622615
173,1283.31,0.84097,0.44921,1.01784,0.97801,0.9774,0.99247,0.80943,0.71227,0.34954,0.92316,0.0006179,0.0006179,0.0006179
174,1290.51,0.82784,0.46456,1.0246,0.97939,0.9747,0.99295,0.81161,0.71216,0.34934,0.92089,0.000613184,0.000613184,0.000613184
175,1297.91,0.81454,0.44324,1.00908,0.97972,0.97013,0.99271,0.81636,0.6802,0.33986,0.91766,0.000608468,0.000608468,0.000608468
176,1305.28,0.81725,0.44379,1.02739,0.98094,0.9732,0.99228,0.81548,0.69604,0.34411,0.91879,0.000603752,0.000603752,0.000603752
177,1312.44,0.80374,0.44248,1.01148,0.97909,0.98227,0.99298,0.80704,0.68736,0.34178,0.91785,0.000599037,0.000599037,0.000599037
178,1319.65,0.81288,0.4441,1.01496,0.98149,0.97711,0.99299,0.81023,0.68328,0.33993,0.9153,0.000594321,0.000594321,0.000594321
179,1326.81,0.84302,0.44852,1.02984,0.98455,0.97203,0.99253,0.81347,0.6931,0.33949,0.91804,0.000589605,0.000589605,0.000589605
180,1333.99,0.81151,0.43732,1.00657,0.98333,0.97465,0.99274,0.8259,0.6835,0.33868,0.91746,0.00058489,0.00058489,0.00058489
181,1341.4,0.80545,0.4297,1.01138,0.98192,0.97721,0.9925,0.81139,0.69128,0.33704,0.91649,0.000580174,0.000580174,0.000580174
182,1348.57,0.83323,0.45199,1.01773,0.98036,0.97183,0.99177,0.80998,0.67678,0.34006,0.91521,0.000575458,0.000575458,0.000575458
183,1356.27,0.79503,0.42694,1.00269,0.98055,0.97053,0.9909,0.82424,0.65961,0.33439,0.90883,0.000570743,0.000570743,0.000570743
184,1364.91,0.79061,0.43095,1.00859,0.98122,0.97496,0.99252,0.83051,0.65121,0.32959,0.90478,0.000566027,0.000566027,0.000566027
185,1374.25,0.77389,0.42366,0.99873,0.98083,0.9831,0.9929,0.82492,0.65582,0.32902,0.90428,0.000561311,0.000561311,0.000561311
186,1383.37,0.78234,0.42369,1.01033,0.98235,0.97519,0.99312,0.80876,0.66559,0.33528,0.9065,0.000556595,0.000556595,0.000556595
187,1398.96,0.80308,0.44296,1.00995,0.97555,0.97601,0.99011,0.81295,0.67065,0.34371,0.90827,0.00055188,0.00055188,0.00055188
188,1414.08,0.78179,0.43281,1.00803,0.98207,0.97333,0.99194,0.81161,0.66736,0.33187,0.91192,0.000547164,0.000547164,0.000547164
189,1430.89,0.77026,0.42028,0.99734,0.97864,0.97569,0.99266,0.81076,0.6625,0.33208,0.90709,0.000542448,0.000542448,0.000542448
190,1445.67,0.79457,0.42979,0.99559,0.97474,0.97831,0.99231,0.81691,0.67436,0.34138,0.91134,0.000537733,0.000537733,0.000537733
191,1453.34,0.78628,0.42108,1.01304,0.98479,0.97598,0.99271,0.82111,0.63993,0.32608,0.89941,0.000533017,0.000533017,0.000533017
192,1471.16,0.75699,0.42202,0.98736,0.98538,0.97477,0.99309,0.83093,0.64167,0.3233,0.89808,0.000528301,0.000528301,0.000528301
193,1479.74,0.784,0.42587,1.0037,0.98475,0.97436,0.99296,0.82899,0.64703,0.32049,0.90154,0.000523586,0.000523586,0.000523586
194,1497,0.78112,0.4231,0.99875,0.95672,0.9888,0.99227,0.8215,0.65642,0.3276,0.90366,0.00051887,0.00051887,0.00051887
195,1512.81,0.77763,0.41899,1.00961,0.98683,0.96981,0.99324,0.83037,0.63467,0.32018,0.89808,0.000514154,0.000514154,0.000514154
196,1520.48,0.78785,0.41663,1.00689,0.97946,0.96554,0.99352,0.8301,0.64046,0.32178,0.89772,0.000509438,0.000509438,0.000509438
197,1533.48,0.77924,0.4222,1.00485,0.97417,0.969,0.99198,0.81987,0.65441,0.3343,0.90401,0.000504723,0.000504723,0.000504723
198,1549.71,0.77928,0.42016,1.00491,0.9671,0.97699,0.99171,0.81028,0.65716,0.32876,0.90689,0.000500007,0.000500007,0.000500007
199,1563.95,0.78155,0.4208,0.99378,0.97166,0.9728,0.99156,0.81964,0.64487,0.32568,0.90133,0.000495291,0.000495291,0.000495291
200,1578.42,0.77666,0.41311,0.99459,0.97655,0.97305,0.99262,0.82811,0.64292,0.32876,0.90013,0.000490576,0.000490576,0.000490576
201,1585.98,0.74535,0.40746,0.98282,0.97929,0.97025,0.99294,0.83335,0.64681,0.32522,0.89861,0.00048586,0.00048586,0.00048586
202,1598.74,0.7625,0.41396,0.99567,0.98264,0.9769,0.99298,0.83977,0.64021,0.31763,0.89912,0.000481144,0.000481144,0.000481144
203,1613.55,0.75884,0.42108,0.98824,0.97901,0.97752,0.99289,0.83999,0.64511,0.32184,0.90005,0.000476429,0.000476429,0.000476429
204,1630.17,0.7536,0.411,0.99344,0.98026,0.97792,0.9925,0.83057,0.62608,0.32106,0.89686,0.000471713,0.000471713,0.000471713
205,1639.19,0.76445,0.41191,0.98552,0.97543,0.9838,0.99291,0.83299,0.63445,0.31833,0.89514,0.000466997,0.000466997,0.000466997
206,1648.08,0.74815,0.40445,0.97184,0.97994,0.98101,0.99178,0.8347,0.62417,0.31572,0.89027,0.000462281,0.000462281,0.000462281
207,1663.62,0.74937,0.40297,0.98446,0.97586,0.9822,0.99167,0.85281,0.61366,0.31149,0.88679,0.000457566,0.000457566,0.000457566
208,1674.37,0.73871,0.39935,0.98054,0.97701,0.98539,0.99186,0.84957,0.62014,0.31062,0.88841,0.00045285,0.00045285,0.00045285
209,1691.12,0.72107,0.39724,0.96946,0.97699,0.98241,0.99177,0.84924,0.61938,0.3082,0.89022,0.000448134,0.000448134,0.000448134
210,1706.16,0.73365,0.38601,0.98823,0.9824,0.96792,0.99238,0.84991,0.59965,0.3063,0.88744,0.000443419,0.000443419,0.000443419
211,1713.62,0.75183,0.40771,0.98942,0.98231,0.97086,0.99231,0.83958,0.61821,0.30946,0.89009,0.000438703,0.000438703,0.000438703
212,1722.45,0.75222,0.40721,0.98431,0.98031,0.9787,0.99206,0.85115,0.60214,0.31128,0.88722,0.000433987,0.000433987,0.000433987
213,1740.68,0.74234,0.40393,0.96755,0.97751,0.97323,0.99272,0.84578,0.60664,0.31007,0.88693,0.000429272,0.000429272,0.000429272
214,1747.75,0.73355,0.4018,0.98268,0.98178,0.98137,0.99202,0.85314,0.59357,0.3061,0.88478,0.000424556,0.000424556,0.000424556
215,1755.68,0.72489,0.39944,0.96186,0.98084,0.98244,0.99216,0.85017,0.5909,0.30989,0.88413,0.00041984,0.00041984,0.00041984
216,1762.83,0.75582,0.40278,0.9904,0.9845,0.98311,0.99233,0.86111,0.58409,0.30042,0.88175,0.000415124,0.000415124,0.000415124
217,1770.15,0.73618,0.39766,0.9828,0.98526,0.97862,0.9918,0.86668,0.58186,0.30284,0.88141,0.000410409,0.000410409,0.000410409
218,1777.53,0.70898,0.37938,0.96221,0.98319,0.98051,0.99237,0.86229,0.58148,0.30219,0.88105,0.000405693,0.000405693,0.000405693
219,1784.66,0.71794,0.3797,0.96729,0.98322,0.98245,0.99245,0.86388,0.58305,0.29887,0.88035,0.000400977,0.000400977,0.000400977
220,1791.73,0.69932,0.3822,0.96269,0.98466,0.97127,0.9928,0.86764,0.58756,0.29986,0.88272,0.000396262,0.000396262,0.000396262
221,1799.41,0.69853,0.37706,0.96414,0.98847,0.97265,0.99289,0.85316,0.59367,0.30085,0.87965,0.000391546,0.000391546,0.000391546
222,1806.51,0.74143,0.4049,0.97764,0.98878,0.97747,0.9923,0.85872,0.5853,0.3007,0.87883,0.00038683,0.00038683,0.00038683
223,1813.65,0.71704,0.3881,0.97607,0.98424,0.97779,0.99227,0.86255,0.59596,0.3058,0.88319,0.000382115,0.000382115,0.000382115
224,1820.81,0.73264,0.4044,0.98171,0.97907,0.9816,0.99249,0.85452,0.58186,0.30194,0.88108,0.000377399,0.000377399,0.000377399
225,1827.95,0.7084,0.38731,0.96322,0.98437,0.97335,0.99311,0.85125,0.57604,0.29486,0.87844,0.000372683,0.000372683,0.000372683
226,1835.17,0.69495,0.37748,0.95646,0.98597,0.97368,0.99284,0.85288,0.57589,0.29621,0.8802,0.000367967,0.000367967,0.000367967
227,1842.35,0.6908,0.37995,0.95551,0.98695,0.97453,0.99283,0.85671,0.59379,0.30443,0.88373,0.000363252,0.000363252,0.000363252
228,1849.52,0.71511,0.38172,0.97098,0.97799,0.98426,0.99315,0.85706,0.58459,0.29643,0.88103,0.000358536,0.000358536,0.000358536
229,1856.66,0.70616,0.38628,0.96774,0.98078,0.98095,0.99304,0.86012,0.57654,0.2952,0.87828,0.00035382,0.00035382,0.00035382
230,1863.91,0.70601,0.39173,0.96368,0.98269,0.97997,0.99285,0.8672,0.5651,0.29434,0.87515,0.000349105,0.000349105,0.000349105
231,1871.07,0.68394,0.38873,0.96657,0.98184,0.98282,0.99311,0.8562,0.56513,0.29288,0.87294,0.000344389,0.000344389,0.000344389
232,1878.22,0.71524,0.40329,0.96064,0.98077,0.98529,0.99317,0.85697,0.56238,0.29092,0.87376,0.000339673,0.000339673,0.000339673
233,1885.36,0.67003,0.36616,0.95625,0.98373,0.98052,0.99283,0.85804,0.56116,0.29082,0.87426,0.000334958,0.000334958,0.000334958
234,1892.54,0.67409,0.36518,0.96461,0.98878,0.97709,0.99314,0.8652,0.55933,0.29251,0.87042,0.000330242,0.000330242,0.000330242
235,1899.71,0.69296,0.38457,0.95778,0.96673,0.98187,0.99286,0.87136,0.55554,0.28798,0.87065,0.000325526,0.000325526,0.000325526
236,1907.13,0.68862,0.38094,0.96842,0.96711,0.97854,0.9918,0.87067,0.55732,0.2878,0.87212,0.00032081,0.00032081,0.00032081
237,1914.29,0.70351,0.3843,0.97184,0.98019,0.97253,0.99271,0.86709,0.55018,0.28691,0.87252,0.000316095,0.000316095,0.000316095
238,1921.44,0.68157,0.37706,0.96295,0.98049,0.98287,0.99273,0.87308,0.55295,0.28526,0.87176,0.000311379,0.000311379,0.000311379
239,1929.07,0.70146,0.36833,0.96208,0.98524,0.97168,0.99288,0.86964,0.54964,0.28339,0.87198,0.000306663,0.000306663,0.000306663
240,1936.19,0.65072,0.37156,0.94379,0.97346,0.98742,0.99321,0.86944,0.55041,0.28323,0.87027,0.000301948,0.000301948,0.000301948
241,1943.31,0.68694,0.37125,0.96521,0.98177,0.97416,0.99366,0.87075,0.54143,0.28201,0.8684,0.000297232,0.000297232,0.000297232
242,1950.49,0.67358,0.35931,0.95005,0.98664,0.97498,0.99358,0.87779,0.54573,0.28222,0.86781,0.000292516,0.000292516,0.000292516
243,1957.9,0.6696,0.36825,0.94915,0.98043,0.98287,0.99323,0.87905,0.54792,0.28275,0.86762,0.000287801,0.000287801,0.000287801
244,1965.33,0.66984,0.35926,0.95238,0.97836,0.98177,0.99326,0.88159,0.53856,0.2789,0.86504,0.000283085,0.000283085,0.000283085
245,1972.67,0.68161,0.36333,0.96296,0.97965,0.98357,0.99309,0.86823,0.55365,0.28065,0.86852,0.000278369,0.000278369,0.000278369
246,1979.84,0.65876,0.37385,0.94883,0.97785,0.96827,0.99322,0.8779,0.54409,0.27985,0.86736,0.000273654,0.000273654,0.000273654
247,1987.13,0.65109,0.35289,0.95324,0.98643,0.97302,0.99361,0.87739,0.54376,0.27766,0.86653,0.000268938,0.000268938,0.000268938
248,1994.3,0.66266,0.35801,0.95658,0.982,0.98372,0.99375,0.88774,0.53559,0.27502,0.86551,0.000264222,0.000264222,0.000264222
249,2001.68,0.65203,0.36767,0.94324,0.98316,0.98228,0.99351,0.88721,0.53139,0.27433,0.86293,0.000259506,0.000259506,0.000259506
250,2008.82,0.65201,0.35254,0.95021,0.98007,0.98565,0.99321,0.88224,0.53212,0.27443,0.86292,0.000254791,0.000254791,0.000254791
251,2015.96,0.63129,0.35075,0.93797,0.98113,0.98523,0.9936,0.88627,0.52869,0.27459,0.86001,0.000250075,0.000250075,0.000250075
252,2023.16,0.65977,0.36075,0.94304,0.98699,0.97848,0.99341,0.88698,0.52332,0.27267,0.85865,0.000245359,0.000245359,0.000245359
253,2030.33,0.64439,0.35952,0.94927,0.98634,0.97825,0.99302,0.88699,0.51862,0.27129,0.85909,0.000240644,0.000240644,0.000240644
254,2037.49,0.6438,0.34584,0.94673,0.98562,0.97974,0.99304,0.88673,0.51618,0.27036,0.85721,0.000235928,0.000235928,0.000235928
255,2044.64,0.65434,0.35224,0.93595,0.98613,0.97935,0.99325,0.8858,0.51915,0.27044,0.85691,0.000231212,0.000231212,0.000231212
256,2051.83,0.66999,0.36677,0.95062,0.98041,0.98336,0.99333,0.88235,0.51683,0.26989,0.85707,0.000226497,0.000226497,0.000226497
257,2059,0.62541,0.34526,0.94196,0.98123,0.98405,0.99371,0.89062,0.51205,0.26946,0.85658,0.000221781,0.000221781,0.000221781
258,2066.34,0.65485,0.35445,0.9399,0.98169,0.98277,0.99362,0.88632,0.5139,0.26846,0.85642,0.000217065,0.000217065,0.000217065
259,2073.49,0.66145,0.35849,0.93813,0.98211,0.98089,0.99334,0.87887,0.51641,0.26627,0.858,0.000212349,0.000212349,0.000212349
260,2080.6,0.62948,0.34712,0.93318,0.98031,0.9839,0.99348,0.87708,0.51397,0.26707,0.85847,0.000207634,0.000207634,0.000207634
261,2087.86,0.62375,0.34264,0.92671,0.97843,0.98392,0.99348,0.8803,0.5153,0.26571,0.85863,0.000202918,0.000202918,0.000202918
262,2095.05,0.62853,0.33945,0.93369,0.98264,0.97736,0.99349,0.88687,0.51886,0.26666,0.85848,0.000198202,0.000198202,0.000198202
263,2102.22,0.64038,0.35284,0.95136,0.97829,0.98243,0.99371,0.88825,0.50882,0.26291,0.85662,0.000193487,0.000193487,0.000193487
264,2109.44,0.63887,0.34874,0.94029,0.98318,0.97888,0.9937,0.8918,0.50154,0.2623,0.85394,0.000188771,0.000188771,0.000188771
265,2116.82,0.64341,0.34914,0.95028,0.97922,0.98452,0.99365,0.89218,0.50194,0.26062,0.85402,0.000184055,0.000184055,0.000184055
266,2124.23,0.61156,0.34423,0.93358,0.97967,0.98584,0.99348,0.89413,0.50224,0.26159,0.85463,0.00017934,0.00017934,0.00017934
267,2131.6,0.64441,0.34828,0.9554,0.9774,0.9881,0.9936,0.89237,0.50218,0.25955,0.85422,0.000174624,0.000174624,0.000174624
268,2138.7,0.62276,0.34574,0.93737,0.97917,0.98769,0.99375,0.89234,0.4987,0.25866,0.85367,0.000169908,0.000169908,0.000169908
269,2145.87,0.62799,0.34255,0.94549,0.97792,0.98843,0.99341,0.89038,0.49495,0.26012,0.85253,0.000165192,0.000165192,0.000165192
270,2153.07,0.60446,0.33563,0.94132,0.97705,0.98719,0.9929,0.89226,0.48654,0.25792,0.85062,0.000160477,0.000160477,0.000160477
271,2160.19,0.62108,0.34571,0.94767,0.97943,0.98645,0.99316,0.89457,0.48847,0.25824,0.85207,0.000155761,0.000155761,0.000155761
272,2167.54,0.61363,0.33099,0.92826,0.97903,0.98691,0.99324,0.89274,0.48315,0.25815,0.8504,0.000151045,0.000151045,0.000151045
273,2174.67,0.6292,0.3492,0.94436,0.97797,0.98666,0.99344,0.89701,0.48248,0.25588,0.8502,0.00014633,0.00014633,0.00014633
274,2182.08,0.63178,0.34046,0.93635,0.98115,0.98474,0.99377,0.90327,0.48421,0.25537,0.84973,0.000141614,0.000141614,0.000141614
275,2189.45,0.59951,0.33925,0.92409,0.97983,0.98604,0.99371,0.90583,0.4864,0.25469,0.85022,0.000136898,0.000136898,0.000136898
276,2196.77,0.58972,0.33166,0.9314,0.9852,0.98063,0.99372,0.90719,0.48509,0.25489,0.85098,0.000132183,0.000132183,0.000132183
277,2204.18,0.61833,0.33056,0.94039,0.98164,0.98332,0.9938,0.90692,0.48146,0.25315,0.85002,0.000127467,0.000127467,0.000127467
278,2211.34,0.61282,0.33999,0.93544,0.98225,0.98197,0.99397,0.90417,0.47761,0.25205,0.84933,0.000122751,0.000122751,0.000122751
279,2218.54,0.57918,0.31502,0.93509,0.98152,0.9829,0.994,0.9005,0.47751,0.25126,0.84905,0.000118035,0.000118035,0.000118035
280,2225.71,0.6002,0.32493,0.92721,0.98214,0.98178,0.99381,0.89925,0.47609,0.25127,0.84832,0.00011332,0.00011332,0.00011332
281,2232.85,0.60926,0.33951,0.93593,0.98056,0.98575,0.99375,0.89956,0.47906,0.25166,0.84868,0.000108604,0.000108604,0.000108604
282,2240.07,0.59183,0.32151,0.92841,0.98004,0.98606,0.99369,0.90771,0.47588,0.25132,0.84754,0.000103888,0.000103888,0.000103888
283,2247.41,0.62153,0.33539,0.94632,0.98045,0.98597,0.99366,0.9064,0.47629,0.24977,0.84683,9.91726e-05,9.91726e-05,9.91726e-05
284,2254.58,0.59966,0.31771,0.93863,0.9813,0.98513,0.99384,0.90946,0.47846,0.25146,0.84664,9.44569e-05,9.44569e-05,9.44569e-05
285,2261.99,0.59498,0.32715,0.92939,0.98189,0.98429,0.99398,0.91213,0.4806,0.25088,0.84669,8.97412e-05,8.97412e-05,8.97412e-05
286,2269.36,0.5807,0.31859,0.9374,0.98168,0.98396,0.99399,0.90631,0.47431,0.2491,0.84565,8.50255e-05,8.50255e-05,8.50255e-05
287,2276.72,0.60989,0.33139,0.92644,0.98917,0.97647,0.99405,0.90548,0.47814,0.25012,0.84708,8.03098e-05,8.03098e-05,8.03098e-05
288,2283.87,0.59992,0.33201,0.92867,0.9822,0.98295,0.99411,0.90767,0.4752,0.24945,0.84705,7.55941e-05,7.55941e-05,7.55941e-05
289,2291.01,0.58528,0.31723,0.92778,0.98242,0.98414,0.99405,0.90771,0.47339,0.24973,0.84658,7.08784e-05,7.08784e-05,7.08784e-05
290,2298.18,0.59083,0.32734,0.92293,0.98118,0.98563,0.99388,0.90768,0.47244,0.24831,0.84598,6.61627e-05,6.61627e-05,6.61627e-05
291,2320.4,0.56411,0.28805,0.90466,0.98,0.98474,0.99376,0.90819,0.47405,0.24986,0.84563,6.1447e-05,6.1447e-05,6.1447e-05
292,2336.65,0.57048,0.29007,0.90446,0.98561,0.97766,0.99361,0.90522,0.48079,0.25556,0.8479,5.67313e-05,5.67313e-05,5.67313e-05
293,2355.46,0.55987,0.26961,0.90747,0.98711,0.9764,0.99358,0.90433,0.47663,0.25448,0.84798,5.20156e-05,5.20156e-05,5.20156e-05
294,2372.93,0.55299,0.27534,0.89326,0.98696,0.97661,0.99358,0.90105,0.47752,0.25379,0.84758,4.72999e-05,4.72999e-05,4.72999e-05
295,2380.82,0.56313,0.27713,0.89267,0.98659,0.97616,0.99354,0.90056,0.48235,0.25287,0.84804,4.25842e-05,4.25842e-05,4.25842e-05
296,2391.18,0.53653,0.27028,0.89163,0.98666,0.9754,0.99356,0.90368,0.48262,0.25316,0.84805,3.78685e-05,3.78685e-05,3.78685e-05
297,2409.98,0.53725,0.27083,0.90486,0.98187,0.98172,0.99357,0.90284,0.48069,0.25288,0.84773,3.31528e-05,3.31528e-05,3.31528e-05
298,2425.59,0.5447,0.27024,0.88861,0.98267,0.98142,0.99365,0.90392,0.48,0.2526,0.84753,2.84371e-05,2.84371e-05,2.84371e-05
299,2440.04,0.54419,0.27077,0.90717,0.98271,0.98165,0.99372,0.9031,0.48221,0.25314,0.84785,2.37214e-05,2.37214e-05,2.37214e-05
300,2449.39,0.5366,0.27169,0.90126,0.9831,0.98187,0.99373,0.90513,0.48344,0.25481,0.84826,1.90057e-05,1.90057e-05,1.90057e-05
